StudentID,Name,OverallGPA
189467,Adam Cohen,
475821,Eve Levi,
356982,Noah Abraham,
573126,Sarah Jacobson,
821643,Isaac David,
932567,Rebekah Solomon,
247591,Jacob Moses,
685734,Leah Samuelson,
925618,Joseph Daniel,
136794,Rachel Benjamin,
574819,Miriam Joshua,
829473,Aaron Calebson,
346597,Ruth Deborah,
512839,Naomi Elijah,
947613,Boaz Isaiah,
765823,Esther Jonathan,
239874,Mordecai Nathan,
496385,David Solomon,
682934,Bathsheba Benjamin,
751439,Samuel Gideon,
983675,Delilah Micah,
615928,Samson Levi,
874513,Hannah Jeremiah,
329641,Eli Nathan,
548926,Abigail Isaacson,
297368,Solomon Noah,
416982,Isaac Joel,
753924,Elijah Adamson,
869415,Jonah Caleb,
134578,Joshua Seth,
592631,Caleb Jobson,
416397,Sarah Leah,
859623,Daniel Judah,
723561,Isaiah Benjaminson,
691384,Micah Abram,
125943,Rebecca Joshua,
736189,Jeremiah Jacobson,
845762,Ezekiel David,
397615,Gabriel Solomon,
264539,Andrew Jonathan,
538961,Elizabeth Samuelson,
916452,Matthew Danielson,
857136,Mark Benjamin,
492183,Luke Josephson,
731695,John Solomon,
583641,Paul Levi,
469812,Timothy David,
218376,Stephen Benjaminson,
957614,Philip Abraham,
376429,James Isaacson,
641293,Peter Jacobson,
891347,Thomas Moses,
275986,Mary Samuel,
594823,Martha Adamson,
687245,Lydia Sarah,
329158,Priscilla Noah,
417639,Aquila Caleb,
928354,Phoebe Sethson,
536197,Silas Levi,
198672,Barnabas Benjamin,
742536,Apollos Jacob,
615289,Timothy Solomon,
384752,Titus Samuelson,
936271,Onesimus David,
275419,Priscilla Benjaminson,
461935,Junia Isaac,
958273,Andrew Jonathanson,
382746,Silas Solomon,
617594,James Noah,
539418,Mary Abrahamson,
498257,Martha Joseph,
815926,John Jacobson,
327561,Lydia David,
674219,Peter Solomon,
982534,Phoebe Benjamin,
541769,Ruth Samuel,
397428,Naomi Adamson,
862913,Jesse Levi,
254961,Samson Abrahamson,
716594,Solomon Jacob,
983462,David Moses,
428961,Rachel Davidson,
519437,Aaron Solomonson,
647519,Esther Noah,
916483,Isaac Benjaminson,
375429,Leah Adam,
198745,Jacob Samuelson,
824159,Benjamin Levi,
579146,Sarah Solomon,
136498,Moses Abrahamson,
742569,Delilah David,
953874,Joshua Jacobson,
628571,Naomi Noah,
419365,Samuel Benjamin,
578142,Rachel Moseson,
892437,Isaac Solomon,
647913,Miriam Levi,
356471,Ruth Abrahamson,
713958,Adam Jacob,
496813,Eve Samuelson,
285734,Noah Levi,
738126,Sarah Moses,
964251,Abraham Benjaminson,
571396,Jacob Solomon,
824671,Leah Adamson,
613598,Joseph Moseson,
497835,Rebecca Levi,
852316,Joshua David,
369481,Rachel Solomonson,
754913,David Noah,
981346,Solomon Abraham,
461829,Hannah Jacobson,
523197,Benjamin Levi,
817469,Isaac Samuelson,
649713,Samuel Benjaminson,
538197,Delilah Moses,
274936,Esther Abrahamson,
619587,Adam Jacobson,
495173,Eve Solomon,
836951,Noah Levi,
257413,Sarah David,
713596,Jacob Solomonson,
962745,Joseph Adamson,
547912,Rachel Benjamin,
398271,Isaac Levi,
815634,Moses Solomon,
623849,Leah Noah,
491826,Joshua Abrahamson,
759318,David Jacob,
386142,Rebecca Solomonson,
924581,Benjamin Levi,
572439,Solomon Moses,
139867,Hannah Adamson,
763958,Samuel Benjamin,
928635,Aaron Levi,
485619,Naomi David,
725814,Adam Solomonson,
519287,Eve Abraham,
643529,Noah Jacobson,
976513,Sarah Solomon,
381456,Isaac Adamson,
562491,Rachel Benjaminson,
924375,Jacob Levi,
497153,Leah Moses,
635429,Joseph Solomonson,
819647,Rebecca Noah,
273856,Joshua Abraham,
576921,David Jacobson,
961738,Benjamin Solomon,
428195,Moses Levi,
598463,Solomon Moseson,